Anno,Macroarea,Settore di lavoro,Totale,Maschi,Femmine,% Maschi,% Femmine
2017,Italia,ATTIVITÀ EDITORIALI,34819.83,17684.92,17134.91,50.79,49.21
2017,Italia,ATTIVITÀ IMMOBILIARI,614665.26,368542.60000000003,246122.66000000003,59.96,40.04
2017,Italia,ATTIVITÀ LEGALI E CONTABILITÀ,503488.56999999995,226584.38999999998,276904.18,45.0,55.0
2017,Italia,ESTRAZIONE DI MINERALI DA CAVE E MINIERE,30772.26,25302.96,5469.3,82.23,17.77
2017,Italia,ISTRUZIONE,240082.78,87499.20000000001,152583.58,36.45,63.55
2017,Italia,RICERCA SCIENTIFICA E SVILUPPO,32029.059999999998,18511.44,13517.619999999999,57.8,42.2
2017,Italia,SANITÀ E ASSISTENZA SOCIALE,918539.0499999999,293726.99,624812.0599999999,31.98,68.02
