Anno,Macroarea,Settore,% Maschi (istat),% Femmine (istat),Gender Gap ISTAT,% Maschili (paisa),% Femminili (paisa),Gender Gap PAISA
2017,Italia,SANITÀ E ASSISTENZA SOCIALE,31.98,68.02,-36.03999999999999,79.35,20.65,58.699999999999996
2017,Italia,ATTIVITÀ LEGALI E CONTABILITÀ,45.0,55.0,-10.0,94.12,5.88,88.24000000000001
2017,Italia,ATTIVITÀ IMMOBILIARI,59.96,40.04,19.92,96.27,3.73,92.53999999999999
2017,Italia,ISTRUZIONE,36.45,63.55,-27.099999999999994,87.7,12.3,75.4
2017,Italia,ATTIVITÀ EDITORIALI,50.79,49.21,1.5799999999999983,89.83,10.17,79.66
2017,Italia,ESTRAZIONE DI MINERALI DA CAVE E MINIERE,82.23,17.77,64.46000000000001,89.45,10.55,78.9
2017,Italia,RICERCA SCIENTIFICA E SVILUPPO,57.8,42.2,15.599999999999994,93.09,6.91,86.18
